code,name,industry,category,latest_date,tdx_formula_b1_date,tdx_formula_b1_value,close,pct_chg,amplitude,j_value,wl,yl,wl_gt_yl,close_gt_yl,close_gt_65,yang_yin_ok,key_k_recent,plry_count_28,shrink_ok,liquidity_ok,mv_ok,no_high_open_big_yin,no_maxvol_yin,no_two_limit_down,avg_amount_28_yi,market_cap_yi,rise_from_60_low,retreat_from_60_high,turnover_up_wave,up_wave_gain,near_support,stop_loss,formula_satisfied,formula_missing,z_satisfied,z_missing,historical_like,risk_flags,action,score,priority
002956.SZ,西麦食品,食品加工,结构观察A,2026-05-29,20260529,0,21.96,0.0157,0.0458,85.01,21.453,20.516,True,True,True,False,True,2,True,True,False,True,True,True,1.247,0.69,0.2827,-0.1062,0.2648,0.4352,靠近白线,20.208,白线>黄线；收盘>黄线；28日内有关键K/倍量柱；当前缩量/地量；28日均额>0.005亿；无高位开盘放量阴线；无28日天量阴线；24日无两连跌停,J<=13(85.0)；14/21日阳量强于阴量；市值>50亿,N型/上涨后回调；左侧有异动或关键K；右侧缩量；靠近白线；B1日波动温和；建仓波换手未明显过热；建仓波涨幅未明显过高,,国轩高科变量型：时间换空间，洗盘不极致但仍在结构内；新瀚新材横盘压缩型：回调不深，高位箱体压缩,暂无硬风险，但仍需次日确认,观察：结构像历史强图，但最新 J 值不在 B1 低位，不能按当日 B1 买,72,A
600150.SH,中国船舶,航海装备,结构观察A,2026-05-29,20260529,0,37.38,-0.021,0.0351,14.03,38.856,37.328,True,True,False,False,True,3,True,True,False,True,True,True,52.2,28.13,0.246,-0.1391,0.3325,0.4473,靠近黄线,36.768,白线>黄线；收盘>黄线；28日内有关键K/倍量柱；当前缩量/地量；28日均额>0.005亿；无高位开盘放量阴线；无28日天量阴线；24日无两连跌停,J<=13(14.0)；14/21日阳量强于阴量；市值>50亿,N型/上涨后回调；左侧有异动或关键K；右侧缩量；靠近黄线；B1日波动温和；建仓波换手未明显过热；建仓波涨幅未明显过高,,华纳药厂/娜娜图：放量启动后缩量回踩，接近黄线或碗沿；国轩高科变量型：时间换空间，洗盘不极致但仍在结构内,暂无硬风险，但仍需次日确认,观察：结构像历史强图，但最新 J 值不在 B1 低位，不能按当日 B1 买,72,A
601838.SH,成都银行,地方性银行,结构观察B,2026-05-29,20260529,0,18.6,0.0092,0.0277,47.52,18.588,18.003,True,True,True,False,True,1,False,True,False,True,True,True,4.083,7.88,0.1321,-0.0338,0.2419,0.1716,靠近黄线,17.733,白线>黄线；收盘>黄线；28日内有关键K/倍量柱；28日均额>0.005亿；无高位开盘放量阴线；无28日天量阴线；24日无两连跌停,J<=13(47.5)；14/21日阳量强于阴量；当前缩量/地量；市值>50亿,N型/上涨后回调；左侧有异动或关键K；靠近黄线；B1日波动温和；建仓波换手未明显过热；建仓波涨幅未明显过高,右侧缩量,暂未匹配到高置信历史模板,暂无硬风险，但仍需次日确认,观察：有部分结构条件，需要重新等 J 低位或次日强确认,54,B
001301.SZ,尚太科技,电池,结构观察B,2026-05-29,20260529,0,87.52,-0.0555,0.0707,76.24,84.766,81.683,True,True,True,True,True,1,True,True,False,False,True,True,6.407,1.63,0.2492,-0.0785,1.3953,0.3557,靠近白线,80.457,白线>黄线；收盘>黄线；14/21日阳量强于阴量；28日内有关键K/倍量柱；当前缩量/地量；28日均额>0.005亿；无28日天量阴线；24日无两连跌停,J<=13(76.2)；市值>50亿；无高位开盘放量阴线,N型/上涨后回调；左侧有异动或关键K；右侧缩量；靠近白线；建仓波涨幅未明显过高,B1日波动温和；建仓波换手未明显过热,新瀚新材横盘压缩型：回调不深，高位箱体压缩,建仓波换手偏高(140%),观察：有部分结构条件，需要重新等 J 低位或次日强确认,46,B
600037.SH,歌华有线,广播电视,淘汰,2026-05-29,20260529,,7.3,-0.0082,0.0217,2.41,7.755,7.725,True,False,False,False,True,1,True,True,False,True,True,True,1.539,1.02,0.0504,-0.1194,0.364,0.1928,靠近黄线,7.27,J<=13(2.4)；白线>黄线；28日内有关键K/倍量柱；当前缩量/地量；28日均额>0.005亿；无高位开盘放量阴线；无28日天量阴线；24日无两连跌停,收盘>黄线；14/21日阳量强于阴量；市值>50亿,左侧有异动或关键K；右侧缩量；靠近黄线；B1日波动温和；建仓波换手未明显过热；建仓波涨幅未明显过高,N型/上涨后回调,暂未匹配到高置信历史模板,暂无硬风险，但仍需次日确认,淘汰/暂不做：公式入池不等于可交易,42,C
603259.SH,XD药明康,医疗服务,淘汰,2026-05-29,20260529,0,101.6,0.024,0.0405,36.69,102.614,100.236,True,True,False,False,True,1,False,True,False,True,True,True,47.678,25.13,0.1882,-0.1002,0.4914,0.3205,靠近黄线,98.732,白线>黄线；收盘>黄线；28日内有关键K/倍量柱；28日均额>0.005亿；无高位开盘放量阴线；无28日天量阴线；24日无两连跌停,J<=13(36.7)；14/21日阳量强于阴量；当前缩量/地量；市值>50亿,N型/上涨后回调；左侧有异动或关键K；靠近黄线；B1日波动温和；建仓波涨幅未明显过高,右侧缩量；建仓波换手未明显过热,新瀚新材横盘压缩型：回调不深，高位箱体压缩,建仓波换手偏高(49%),淘汰/暂不做：公式入池不等于可交易,42,C
300750.SZ,宁德时代,电池,淘汰,2026-05-29,20260529,0,424.0,0.02,0.0344,82.72,420.708,410.613,True,True,False,False,False,0,False,True,True,True,True,True,160.934,180.49,0.2957,-0.0955,0.3657,0.4324,靠近黄线,404.453,白线>黄线；收盘>黄线；28日均额>0.005亿；市值>50亿；无高位开盘放量阴线；无28日天量阴线；24日无两连跌停,J<=13(82.7)；14/21日阳量强于阴量；28日内有关键K/倍量柱；当前缩量/地量,N型/上涨后回调；靠近黄线；B1日波动温和；建仓波换手未明显过热；建仓波涨幅未明显过高,左侧有异动或关键K；右侧缩量,新瀚新材横盘压缩型：回调不深，高位箱体压缩,暂无硬风险，但仍需次日确认,淘汰/暂不做：公式入池不等于可交易,38,C
605318.SH,法狮龙,装饰建材,严格B1低质,2026-05-29,20260529,0,92.12,-0.0156,0.0486,7.83,96.563,88.79,True,True,False,False,True,1,True,True,False,False,True,True,2.914,1.16,0.3745,-0.1446,1.1099,0.6068,靠近黄线,87.458,J<=13(7.8)；白线>黄线；收盘>黄线；28日内有关键K/倍量柱；当前缩量/地量；28日均额>0.005亿；无28日天量阴线；24日无两连跌停,14/21日阳量强于阴量；市值>50亿；无高位开盘放量阴线,N型/上涨后回调；左侧有异动或关键K；右侧缩量；靠近黄线,B1日波动温和；建仓波换手未明显过热；建仓波涨幅未明显过高,反面像：犬牙交错/呼吸紊乱，和完美 B1 有距离,K线/呼吸偏乱；建仓波换手偏高(111%)；建仓波涨幅偏高(61%),暂不做：当日 B1 条件成立，但图形质量或风险项不达标,38,C
600674.SH,川投能源,电力,淘汰,2026-05-29,20260529,0,15.5,0.0292,0.0385,69.78,15.11,15.036,True,True,True,True,True,2,False,True,False,True,True,True,5.34,7.56,0.0877,-0.0526,0.1529,0.1074,靠近黄线,14.81,白线>黄线；收盘>黄线；14/21日阳量强于阴量；28日内有关键K/倍量柱；28日均额>0.005亿；无高位开盘放量阴线；无28日天量阴线；24日无两连跌停,J<=13(69.8)；当前缩量/地量；市值>50亿,左侧有异动或关键K；靠近黄线；建仓波换手未明显过热；建仓波涨幅未明显过高,N型/上涨后回调；右侧缩量；B1日波动温和,暂未匹配到高置信历史模板,暂无硬风险，但仍需次日确认,淘汰/暂不做：公式入池不等于可交易,32,C
603339.SH,四方科技,通用设备,淘汰,2026-05-29,20260529,0,12.69,-0.0178,0.0356,14.47,13.431,13.421,True,False,False,False,True,3,True,True,False,True,True,True,0.611,0.39,0.0772,-0.1314,0.3832,0.2402,靠近黄线,12.61,白线>黄线；28日内有关键K/倍量柱；当前缩量/地量；28日均额>0.005亿；无高位开盘放量阴线；无28日天量阴线；24日无两连跌停,J<=13(14.5)；收盘>黄线；14/21日阳量强于阴量；市值>50亿,左侧有异动或关键K；右侧缩量；靠近黄线；B1日波动温和；建仓波换手未明显过热；建仓波涨幅未明显过高,N型/上涨后回调,暂未匹配到高置信历史模板,暂无硬风险，但仍需次日确认,淘汰/暂不做：公式入池不等于可交易,32,C
688410.SH,山外山,医疗器械,淘汰,2026-05-29,20260529,0,16.9,-0.0553,0.0654,60.95,16.941,16.461,True,True,False,False,True,1,False,True,False,True,True,True,1.211,0.54,0.2574,-0.085,0.7542,0.3743,靠近黄线,16.214,白线>黄线；收盘>黄线；28日内有关键K/倍量柱；28日均额>0.005亿；无高位开盘放量阴线；无28日天量阴线；24日无两连跌停,J<=13(60.9)；14/21日阳量强于阴量；当前缩量/地量；市值>50亿,N型/上涨后回调；左侧有异动或关键K；靠近黄线；建仓波涨幅未明显过高,右侧缩量；B1日波动温和；建仓波换手未明显过热,新瀚新材横盘压缩型：回调不深，高位箱体压缩,建仓波换手偏高(75%),淘汰/暂不做：公式入池不等于可交易,32,C
000531.SZ,穗恒运Ａ,电力,淘汰,2026-05-29,20260529,0,7.84,-0.0076,0.0835,91.97,7.273,7.154,True,True,True,True,True,1,False,True,False,True,True,True,2.352,0.71,0.2288,-0.0841,1.0753,0.2962,黄线上方但距离偏远,7.047,白线>黄线；收盘>黄线；14/21日阳量强于阴量；28日内有关键K/倍量柱；28日均额>0.005亿；无高位开盘放量阴线；无28日天量阴线；24日无两连跌停,J<=13(92.0)；当前缩量/地量；市值>50亿,N型/上涨后回调；左侧有异动或关键K；建仓波涨幅未明显过高,右侧缩量；黄线上方但距离偏远；B1日波动温和；建仓波换手未明显过热,新瀚新材横盘压缩型：回调不深，高位箱体压缩；反面像：犬牙交错/呼吸紊乱，和完美 B1 有距离,K线/呼吸偏乱；离黄线偏远；建仓波换手偏高(108%),淘汰/暂不做：公式入池不等于可交易,28,C
603815.SH,交建股份,基础建设,淘汰,2026-05-29,20260529,0,7.13,0.0363,0.064,78.6,7.003,6.953,True,True,True,True,True,1,False,True,False,False,False,True,2.156,0.44,0.2709,-0.0824,1.1474,0.385,靠近黄线,6.8,白线>黄线；收盘>黄线；14/21日阳量强于阴量；28日内有关键K/倍量柱；28日均额>0.005亿；24日无两连跌停,J<=13(78.6)；当前缩量/地量；市值>50亿；无高位开盘放量阴线；无28日天量阴线,N型/上涨后回调；左侧有异动或关键K；靠近黄线；建仓波涨幅未明显过高,右侧缩量；B1日波动温和；建仓波换手未明显过热,新瀚新材横盘压缩型：回调不深，高位箱体压缩,建仓波换手偏高(115%),淘汰/暂不做：公式入池不等于可交易,28,C
603195.SH,公牛集团,家居用品,淘汰,2026-05-29,20260529,0,41.58,-0.0135,0.0375,4.58,42.981,42.592,True,False,False,False,True,2,False,True,False,True,True,True,2.523,7.49,0.0234,-0.0821,0.0382,0.1149,靠近黄线,41.58,J<=13(4.6)；白线>黄线；28日内有关键K/倍量柱；28日均额>0.005亿；无高位开盘放量阴线；无28日天量阴线；24日无两连跌停,收盘>黄线；14/21日阳量强于阴量；当前缩量/地量；市值>50亿,左侧有异动或关键K；靠近黄线；B1日波动温和；建仓波换手未明显过热；建仓波涨幅未明显过高,N型/上涨后回调；右侧缩量,反面像：中银证券式大阴后 B1，容易是难做的一波流回落,近期放量阴线,淘汰/暂不做：公式入池不等于可交易,24,C
000810.SZ,创维数字,黑色家电,淘汰,2026-05-29,20260529,0,11.51,-0.027,0.0533,0.76,12.405,12.119,True,False,False,False,True,0,True,True,False,True,True,True,2.389,1.28,0.1385,-0.1293,0.5249,0.3076,靠近黄线,11.4,J<=13(0.8)；白线>黄线；28日内有关键K/倍量柱；当前缩量/地量；28日均额>0.005亿；无高位开盘放量阴线；无28日天量阴线；24日无两连跌停,收盘>黄线；14/21日阳量强于阴量；市值>50亿,左侧有异动或关键K；右侧缩量；靠近黄线；建仓波涨幅未明显过高,N型/上涨后回调；B1日波动温和；建仓波换手未明显过热,暂未匹配到高置信历史模板,建仓波换手偏高(52%),淘汰/暂不做：公式入池不等于可交易,20,C
002752.SZ,昇兴股份,包装印刷,淘汰,2026-05-29,20260529,0,6.63,-0.0293,0.0381,-3.35,7.134,6.921,True,False,False,False,True,0,True,True,False,True,True,True,2.722,0.65,0.1693,-0.1445,0.904,0.3668,靠近黄线,6.61,J<=13(-3.4)；白线>黄线；28日内有关键K/倍量柱；当前缩量/地量；28日均额>0.005亿；无高位开盘放量阴线；无28日天量阴线；24日无两连跌停,收盘>黄线；14/21日阳量强于阴量；市值>50亿,左侧有异动或关键K；右侧缩量；靠近黄线；建仓波涨幅未明显过高,N型/上涨后回调；B1日波动温和；建仓波换手未明显过热,暂未匹配到高置信历史模板,建仓波换手偏高(90%),淘汰/暂不做：公式入池不等于可交易,20,C
301238.SZ,瑞泰新材,电池,淘汰,2026-05-29,20260529,0,25.43,0.0287,0.1169,84.86,22.048,21.404,True,True,True,True,True,3,False,True,False,True,True,True,3.746,1.86,0.405,-0.0889,0.8521,0.542,黄线上方但距离偏远,21.083,白线>黄线；收盘>黄线；14/21日阳量强于阴量；28日内有关键K/倍量柱；28日均额>0.005亿；无高位开盘放量阴线；无28日天量阴线；24日无两连跌停,J<=13(84.9)；当前缩量/地量；市值>50亿,N型/上涨后回调；左侧有异动或关键K,右侧缩量；黄线上方但距离偏远；B1日波动温和；建仓波换手未明显过热；建仓波涨幅未明显过高,新瀚新材横盘压缩型：回调不深，高位箱体压缩；反面像：犬牙交错/呼吸紊乱，和完美 B1 有距离；反面像：中银证券式大阴后 B1，容易是难做的一波流回落,K线/呼吸偏乱；近期放量阴线；离黄线偏远；建仓波换手偏高(85%)；建仓波涨幅偏高(54%),淘汰/暂不做：公式入池不等于可交易,18,C
300577.SZ,开润股份,纺织制造,淘汰,2026-05-29,20260529,,17.03,0.0137,0.0315,9.49,18.98,19.296,False,False,False,False,True,1,True,True,False,True,True,True,0.567,0.24,0.0278,-0.2294,,,黄线下方,16.8,J<=13(9.5)；28日内有关键K/倍量柱；当前缩量/地量；28日均额>0.005亿；无高位开盘放量阴线；无28日天量阴线；24日无两连跌停,白线>黄线；收盘>黄线；14/21日阳量强于阴量；市值>50亿,左侧有异动或关键K；右侧缩量；B1日波动温和；建仓波换手未明显过热；建仓波涨幅未明显过高,N型/上涨后回调；黄线下方,反面像：中银证券式大阴后 B1，容易是难做的一波流回落,近期放量阴线,淘汰/暂不做：公式入池不等于可交易,12,C
600708.SH,光明地产,房地产开发,淘汰,2026-05-29,20260529,0,3.29,0.0061,0.0398,7.54,3.536,3.574,False,False,False,False,True,2,True,True,False,True,True,True,1.267,0.73,0.0579,-0.2419,0.2377,0.3376,黄线下方,3.27,J<=13(7.5)；28日内有关键K/倍量柱；当前缩量/地量；28日均额>0.005亿；无高位开盘放量阴线；无28日天量阴线；24日无两连跌停,白线>黄线；收盘>黄线；14/21日阳量强于阴量；市值>50亿,左侧有异动或关键K；右侧缩量；B1日波动温和；建仓波换手未明显过热；建仓波涨幅未明显过高,N型/上涨后回调；黄线下方,暂未匹配到高置信历史模板,暂无硬风险，但仍需次日确认,淘汰/暂不做：公式入池不等于可交易,12,C
600884.SH,杉杉股份,电池,淘汰,2026-05-29,20260529,0,14.65,-0.0393,0.0531,54.71,15.275,14.891,True,False,False,False,True,2,True,True,False,True,True,True,20.261,2.69,0.1517,-0.1893,1.7214,0.4206,靠近黄线,14.62,白线>黄线；28日内有关键K/倍量柱；当前缩量/地量；28日均额>0.005亿；无高位开盘放量阴线；无28日天量阴线；24日无两连跌停,J<=13(54.7)；收盘>黄线；14/21日阳量强于阴量；市值>50亿,左侧有异动或关键K；右侧缩量；靠近黄线；建仓波涨幅未明显过高,N型/上涨后回调；B1日波动温和；建仓波换手未明显过热,暂未匹配到高置信历史模板,建仓波换手偏高(172%),淘汰/暂不做：公式入池不等于可交易,10,C
688692.SH,达梦数据,软件服务,淘汰,2026-05-29,20260529,0,257.51,-0.0171,0.0753,34.84,262.992,256.821,True,True,False,False,True,2,False,True,False,False,True,True,5.17,1.88,0.2659,-0.1501,0.5843,0.4895,靠近黄线,252.969,白线>黄线；收盘>黄线；28日内有关键K/倍量柱；28日均额>0.005亿；无28日天量阴线；24日无两连跌停,J<=13(34.8)；14/21日阳量强于阴量；当前缩量/地量；市值>50亿；无高位开盘放量阴线,N型/上涨后回调；左侧有异动或关键K；靠近黄线,右侧缩量；B1日波动温和；建仓波换手未明显过热；建仓波涨幅未明显过高,暂未匹配到高置信历史模板,建仓波换手偏高(58%)；建仓波涨幅偏高(49%),淘汰/暂不做：公式入池不等于可交易,10,C
002715.SZ,登云股份,汽车零部件,淘汰,2026-05-29,20260529,0,15.53,-0.0354,0.059,9.12,16.868,16.548,True,False,False,False,True,1,True,True,False,True,True,True,1.136,0.21,0.1377,-0.1818,1.0807,0.3905,黄线下方,15.33,J<=13(9.1)；白线>黄线；28日内有关键K/倍量柱；当前缩量/地量；28日均额>0.005亿；无高位开盘放量阴线；无28日天量阴线；24日无两连跌停,收盘>黄线；14/21日阳量强于阴量；市值>50亿,左侧有异动或关键K；右侧缩量；建仓波涨幅未明显过高,N型/上涨后回调；黄线下方；B1日波动温和；建仓波换手未明显过热,暂未匹配到高置信历史模板,建仓波换手偏高(108%),淘汰/暂不做：公式入池不等于可交易,8,C
002998.SZ,优彩资源,化纤,淘汰,2026-05-29,20260529,0,8.24,-0.0294,0.0495,4.06,9.1,8.825,True,False,False,False,True,1,True,True,False,True,True,True,1.004,0.22,0.1524,-0.1984,1.2884,0.4378,黄线下方,8.18,J<=13(4.1)；白线>黄线；28日内有关键K/倍量柱；当前缩量/地量；28日均额>0.005亿；无高位开盘放量阴线；无28日天量阴线；24日无两连跌停,收盘>黄线；14/21日阳量强于阴量；市值>50亿,左侧有异动或关键K；右侧缩量；建仓波涨幅未明显过高,N型/上涨后回调；黄线下方；B1日波动温和；建仓波换手未明显过热,暂未匹配到高置信历史模板,建仓波换手偏高(129%),淘汰/暂不做：公式入池不等于可交易,8,C
002386.SZ,天原股份,化学原料,淘汰,2026-05-29,20260529,0,5.68,-0.0105,0.0226,2.38,6.279,6.232,True,False,False,False,True,0,True,True,False,True,False,True,3.299,0.74,0.0597,-0.2366,1.2742,0.3881,黄线下方,5.64,J<=13(2.4)；白线>黄线；28日内有关键K/倍量柱；当前缩量/地量；28日均额>0.005亿；无高位开盘放量阴线；24日无两连跌停,收盘>黄线；14/21日阳量强于阴量；市值>50亿；无28日天量阴线,左侧有异动或关键K；右侧缩量；B1日波动温和；建仓波涨幅未明显过高,N型/上涨后回调；黄线下方；建仓波换手未明显过热,暂未匹配到高置信历史模板,建仓波换手偏高(127%),淘汰/暂不做：公式入池不等于可交易,6,C
300740.SZ,水羊股份,日用化工,淘汰,2026-05-29,20260529,0,24.3,-0.038,0.0483,3.98,25.686,24.37,True,False,False,True,True,2,True,True,False,False,True,True,3.458,0.88,0.2552,-0.1423,0.9546,0.4633,靠近黄线,24.23,J<=13(4.0)；白线>黄线；14/21日阳量强于阴量；28日内有关键K/倍量柱；当前缩量/地量；28日均额>0.005亿；无28日天量阴线；24日无两连跌停,收盘>黄线；市值>50亿；无高位开盘放量阴线,左侧有异动或关键K；右侧缩量；靠近黄线,N型/上涨后回调；B1日波动温和；建仓波换手未明显过热；建仓波涨幅未明显过高,暂未匹配到高置信历史模板,建仓波换手偏高(95%)；建仓波涨幅偏高(46%),淘汰/暂不做：公式入池不等于可交易,6,C
603709.SH,中源家居,家居用品,淘汰,2026-05-29,20260529,0,16.15,-0.0188,0.045,3.48,18.131,18.001,True,False,False,False,True,1,True,True,False,False,False,True,0.789,0.2,0.048,-0.2001,0.8885,0.3102,黄线下方,16.01,J<=13(3.5)；白线>黄线；28日内有关键K/倍量柱；当前缩量/地量；28日均额>0.005亿；24日无两连跌停,收盘>黄线；14/21日阳量强于阴量；市值>50亿；无高位开盘放量阴线；无28日天量阴线,左侧有异动或关键K；右侧缩量；B1日波动温和；建仓波涨幅未明显过高,N型/上涨后回调；黄线下方；建仓波换手未明显过热,暂未匹配到高置信历史模板,建仓波换手偏高(89%),淘汰/暂不做：公式入池不等于可交易,6,C
600694.SH,DR大商股,一般零售,淘汰,2026-05-29,20260529,0,15.06,0.0259,0.0518,48.73,15.159,15.121,True,False,False,False,True,2,False,True,False,True,True,True,0.836,0.57,0.0985,-0.0658,0.306,0.1758,靠近黄线,14.56,白线>黄线；28日内有关键K/倍量柱；28日均额>0.005亿；无高位开盘放量阴线；无28日天量阴线；24日无两连跌停,J<=13(48.7)；收盘>黄线；14/21日阳量强于阴量；当前缩量/地量；市值>50亿,左侧有异动或关键K；靠近黄线；建仓波换手未明显过热；建仓波涨幅未明显过高,N型/上涨后回调；右侧缩量；B1日波动温和,暂未匹配到高置信历史模板,暂无硬风险，但仍需次日确认,淘汰/暂不做：公式入池不等于可交易,4,C
002415.SZ,海康威视,IT设备,淘汰,2026-05-29,20260529,,30.56,-0.0065,0.0341,13.0,32.543,31.986,True,False,False,False,True,1,False,True,False,False,True,True,23.171,27.65,0.0607,-0.1591,0.1668,0.2614,靠近黄线,30.15,白线>黄线；28日内有关键K/倍量柱；28日均额>0.005亿；无28日天量阴线；24日无两连跌停,J<=13(13.0)；收盘>黄线；14/21日阳量强于阴量；当前缩量/地量；市值>50亿；无高位开盘放量阴线,左侧有异动或关键K；靠近黄线；B1日波动温和；建仓波换手未明显过热；建仓波涨幅未明显过高,N型/上涨后回调；右侧缩量,暂未匹配到高置信历史模板,暂无硬风险，但仍需次日确认,淘汰/暂不做：公式入池不等于可交易,2,C
300457.SZ,赢合科技,电池,淘汰,2026-05-29,20260529,0,27.12,-0.041,0.0576,9.28,28.263,27.761,True,False,False,False,True,1,False,True,False,True,True,True,6.161,1.72,0.1615,-0.0927,1.2242,0.2801,靠近黄线,26.92,J<=13(9.3)；白线>黄线；28日内有关键K/倍量柱；28日均额>0.005亿；无高位开盘放量阴线；无28日天量阴线；24日无两连跌停,收盘>黄线；14/21日阳量强于阴量；当前缩量/地量；市值>50亿,左侧有异动或关键K；靠近黄线；建仓波涨幅未明显过高,N型/上涨后回调；右侧缩量；B1日波动温和；建仓波换手未明显过热,暂未匹配到高置信历史模板,建仓波换手偏高(122%),淘汰/暂不做：公式入池不等于可交易,2,C
300996.SZ,普联软件,软件服务,淘汰,2026-05-29,20260529,0,11.83,-0.0319,0.0908,-0.12,12.677,12.417,True,False,False,False,True,2,False,True,False,True,True,True,1.512,0.39,0.131,-0.1295,1.1917,0.2992,靠近黄线,11.72,J<=13(-0.1)；白线>黄线；28日内有关键K/倍量柱；28日均额>0.005亿；无高位开盘放量阴线；无28日天量阴线；24日无两连跌停,收盘>黄线；14/21日阳量强于阴量；当前缩量/地量；市值>50亿,左侧有异动或关键K；靠近黄线；建仓波涨幅未明显过高,N型/上涨后回调；右侧缩量；B1日波动温和；建仓波换手未明显过热,反面像：犬牙交错/呼吸紊乱，和完美 B1 有距离,K线/呼吸偏乱；建仓波换手偏高(119%),淘汰/暂不做：公式入池不等于可交易,2,C
000990.SZ,诚志股份,化学原料,淘汰,2026-05-29,20260529,0,9.58,-0.0254,0.0346,7.94,10.713,10.426,True,False,False,False,True,1,True,True,False,True,True,True,7.121,1.16,0.1205,-0.2861,2.6824,0.5696,黄线下方,9.49,J<=13(7.9)；白线>黄线；28日内有关键K/倍量柱；当前缩量/地量；28日均额>0.005亿；无高位开盘放量阴线；无28日天量阴线；24日无两连跌停,收盘>黄线；14/21日阳量强于阴量；市值>50亿,左侧有异动或关键K；右侧缩量,N型/上涨后回调；黄线下方；B1日波动温和；建仓波换手未明显过热；建仓波涨幅未明显过高,暂未匹配到高置信历史模板,建仓波换手偏高(268%)；建仓波涨幅偏高(57%),淘汰/暂不做：公式入池不等于可交易,-2,C
300723.SZ,一品红,化学制药,淘汰,2026-05-29,20260529,0,43.91,0.0807,0.175,86.78,40.193,38.294,True,True,True,False,True,2,False,True,False,False,True,True,7.725,1.84,0.4981,-0.0408,2.0559,0.5619,黄线上方但距离偏远,37.72,白线>黄线；收盘>黄线；28日内有关键K/倍量柱；28日均额>0.005亿；无28日天量阴线；24日无两连跌停,J<=13(86.8)；14/21日阳量强于阴量；当前缩量/地量；市值>50亿；无高位开盘放量阴线,N型/上涨后回调；左侧有异动或关键K,右侧缩量；黄线上方但距离偏远；B1日波动温和；建仓波换手未明显过热；建仓波涨幅未明显过高,新瀚新材横盘压缩型：回调不深，高位箱体压缩；反面像：犬牙交错/呼吸紊乱，和完美 B1 有距离,K线/呼吸偏乱；离黄线偏远；建仓波换手偏高(206%)；建仓波涨幅偏高(56%),淘汰/暂不做：公式入池不等于可交易,-2,C
300767.SZ,震安科技,橡胶,淘汰,2026-05-29,20260529,0,19.33,-0.0571,0.0698,6.38,22.198,21.779,True,False,False,False,True,0,True,True,False,True,True,True,2.694,0.46,0.0745,-0.2771,1.2523,0.4864,黄线下方,19.17,J<=13(6.4)；白线>黄线；28日内有关键K/倍量柱；当前缩量/地量；28日均额>0.005亿；无高位开盘放量阴线；无28日天量阴线；24日无两连跌停,收盘>黄线；14/21日阳量强于阴量；市值>50亿,左侧有异动或关键K；右侧缩量,N型/上涨后回调；黄线下方；B1日波动温和；建仓波换手未明显过热；建仓波涨幅未明显过高,暂未匹配到高置信历史模板,建仓波换手偏高(125%)；建仓波涨幅偏高(49%),淘汰/暂不做：公式入池不等于可交易,-2,C
000703.SZ,恒逸石化,化纤,淘汰,2026-05-29,20260529,,12.85,-0.0161,0.0352,4.48,14.515,13.925,True,False,False,False,True,0,True,True,False,False,False,True,8.987,4.89,0.2297,-0.2997,0.5117,0.756,黄线下方,12.74,J<=13(4.5)；白线>黄线；28日内有关键K/倍量柱；当前缩量/地量；28日均额>0.005亿；24日无两连跌停,收盘>黄线；14/21日阳量强于阴量；市值>50亿；无高位开盘放量阴线；无28日天量阴线,左侧有异动或关键K；右侧缩量；B1日波动温和,N型/上涨后回调；黄线下方；建仓波换手未明显过热；建仓波涨幅未明显过高,暂未匹配到高置信历史模板,建仓波换手偏高(51%)；建仓波涨幅偏高(76%),淘汰/暂不做：公式入池不等于可交易,-4,C
300609.SZ,汇纳科技,软件服务,淘汰,2026-05-29,20260529,0,35.49,-0.0269,0.0543,7.6,39.298,38.74,True,False,False,False,True,1,True,True,False,False,True,True,1.884,0.43,0.1139,-0.1932,1.0283,0.3807,黄线下方,34.58,J<=13(7.6)；白线>黄线；28日内有关键K/倍量柱；当前缩量/地量；28日均额>0.005亿；无28日天量阴线；24日无两连跌停,收盘>黄线；14/21日阳量强于阴量；市值>50亿；无高位开盘放量阴线,左侧有异动或关键K；右侧缩量；建仓波涨幅未明显过高,N型/上涨后回调；黄线下方；B1日波动温和；建仓波换手未明显过热,暂未匹配到高置信历史模板,建仓波换手偏高(103%),淘汰/暂不做：公式入池不等于可交易,-4,C
301049.SZ,超越科技,环境治理,淘汰,2026-05-29,20260529,0,21.25,-0.0419,0.0654,1.86,24.102,23.765,True,False,False,False,True,2,True,True,False,False,False,True,0.567,0.09,0.0366,-0.24,0.7401,0.3639,黄线下方,21.03,J<=13(1.9)；白线>黄线；28日内有关键K/倍量柱；当前缩量/地量；28日均额>0.005亿；24日无两连跌停,收盘>黄线；14/21日阳量强于阴量；市值>50亿；无高位开盘放量阴线；无28日天量阴线,左侧有异动或关键K；右侧缩量；建仓波涨幅未明显过高,N型/上涨后回调；黄线下方；B1日波动温和；建仓波换手未明显过热,暂未匹配到高置信历史模板,建仓波换手偏高(74%),淘汰/暂不做：公式入池不等于可交易,-4,C
300717.SZ,华信新材,塑料,淘汰,2026-05-29,20260529,0,18.44,-0.0446,0.0679,0.3,20.838,20.798,True,False,False,False,False,0,True,True,False,False,True,True,0.436,0.19,0.0082,-0.1898,,,黄线下方,18.29,J<=13(0.3)；白线>黄线；当前缩量/地量；28日均额>0.005亿；无28日天量阴线；24日无两连跌停,收盘>黄线；14/21日阳量强于阴量；28日内有关键K/倍量柱；市值>50亿；无高位开盘放量阴线,右侧缩量；建仓波换手未明显过热；建仓波涨幅未明显过高,N型/上涨后回调；左侧有异动或关键K；黄线下方；B1日波动温和,暂未匹配到高置信历史模板,暂无硬风险，但仍需次日确认,淘汰/暂不做：公式入池不等于可交易,-8,C
688616.SH,西力科技,电网设备,淘汰,2026-05-29,20260529,0,12.25,-0.0362,0.0606,1.4,13.756,13.687,True,False,False,False,False,0,True,True,False,False,False,True,0.375,0.22,0.0116,-0.2173,,,黄线下方,12.11,J<=13(1.4)；白线>黄线；当前缩量/地量；28日均额>0.005亿；24日无两连跌停,收盘>黄线；14/21日阳量强于阴量；28日内有关键K/倍量柱；市值>50亿；无高位开盘放量阴线；无28日天量阴线,右侧缩量；建仓波换手未明显过热；建仓波涨幅未明显过高,N型/上涨后回调；左侧有异动或关键K；黄线下方；B1日波动温和,暂未匹配到高置信历史模板,暂无硬风险，但仍需次日确认,淘汰/暂不做：公式入池不等于可交易,-8,C
000626.SZ,远大控股,贸易,淘汰,2026-05-29,20260529,0,7.45,-0.0146,0.0304,14.01,8.285,8.291,False,False,False,False,True,1,True,True,False,True,True,True,1.695,0.38,0.0391,-0.2272,1.9637,0.3445,黄线下方,7.4,28日内有关键K/倍量柱；当前缩量/地量；28日均额>0.005亿；无高位开盘放量阴线；无28日天量阴线；24日无两连跌停,J<=13(14.0)；白线>黄线；收盘>黄线；14/21日阳量强于阴量；市值>50亿,左侧有异动或关键K；右侧缩量；B1日波动温和；建仓波涨幅未明显过高,N型/上涨后回调；黄线下方；建仓波换手未明显过热,暂未匹配到高置信历史模板,建仓波换手偏高(196%),淘汰/暂不做：公式入池不等于可交易,-10,C
300743.SZ,天地数码,IT设备,淘汰,2026-05-29,20260529,0,16.93,-0.0381,0.0523,0.29,18.888,19.02,False,False,False,False,True,1,True,True,False,True,True,True,0.663,0.22,0.038,-0.1713,0.7054,0.2526,黄线下方,16.8,J<=13(0.3)；28日内有关键K/倍量柱；当前缩量/地量；28日均额>0.005亿；无高位开盘放量阴线；无28日天量阴线；24日无两连跌停,白线>黄线；收盘>黄线；14/21日阳量强于阴量；市值>50亿,左侧有异动或关键K；右侧缩量；建仓波涨幅未明显过高,N型/上涨后回调；黄线下方；B1日波动温和；建仓波换手未明显过热,暂未匹配到高置信历史模板,建仓波换手偏高(71%),淘汰/暂不做：公式入池不等于可交易,-10,C
600776.SH,东方通信,通信设备,淘汰,2026-05-29,20260529,0,14.58,-0.0636,0.0681,9.61,16.448,16.568,False,False,False,False,True,2,True,True,False,True,True,True,7.081,1.39,0.0414,-0.2488,1.0275,0.3864,黄线下方,14.5,J<=13(9.6)；28日内有关键K/倍量柱；当前缩量/地量；28日均额>0.005亿；无高位开盘放量阴线；无28日天量阴线；24日无两连跌停,白线>黄线；收盘>黄线；14/21日阳量强于阴量；市值>50亿,左侧有异动或关键K；右侧缩量；建仓波涨幅未明显过高,N型/上涨后回调；黄线下方；B1日波动温和；建仓波换手未明显过热,暂未匹配到高置信历史模板,建仓波换手偏高(103%),淘汰/暂不做：公式入池不等于可交易,-10,C
688580.SH,伟思医疗,医疗器械,淘汰,2026-05-29,20260529,0,51.5,-0.0952,0.0882,7.15,59.335,58.449,True,False,False,False,True,2,False,True,False,True,True,True,1.539,0.49,0.047,-0.2426,0.5637,0.3824,黄线下方,51.5,J<=13(7.1)；白线>黄线；28日内有关键K/倍量柱；28日均额>0.005亿；无高位开盘放量阴线；无28日天量阴线；24日无两连跌停,收盘>黄线；14/21日阳量强于阴量；当前缩量/地量；市值>50亿,左侧有异动或关键K；建仓波涨幅未明显过高,N型/上涨后回调；右侧缩量；黄线下方；B1日波动温和；建仓波换手未明显过热,反面像：犬牙交错/呼吸紊乱，和完美 B1 有距离,K线/呼吸偏乱；建仓波换手偏高(56%),淘汰/暂不做：公式入池不等于可交易,-10,C
001260.SZ,坤泰股份,汽车零部件,淘汰,2026-05-29,20260529,0,18.88,-0.0213,0.0503,0.59,21.02,21.157,False,False,False,False,False,0,True,True,False,False,False,True,0.394,0.22,0.0091,-0.2947,,,黄线下方,18.71,J<=13(0.6)；当前缩量/地量；28日均额>0.005亿；24日无两连跌停,白线>黄线；收盘>黄线；14/21日阳量强于阴量；28日内有关键K/倍量柱；市值>50亿；无高位开盘放量阴线；无28日天量阴线,右侧缩量；B1日波动温和；建仓波换手未明显过热；建仓波涨幅未明显过高,N型/上涨后回调；左侧有异动或关键K；黄线下方,暂未匹配到高置信历史模板,暂无硬风险，但仍需次日确认,淘汰/暂不做：公式入池不等于可交易,-16,C
688600.SH,皖仪科技,通用设备,淘汰,2026-05-29,20260529,0,26.66,-0.0015,0.064,38.51,27.704,27.177,True,False,False,False,True,2,False,True,False,False,True,True,0.913,0.36,0.1865,-0.14,0.471,0.3796,靠近黄线,26.01,白线>黄线；28日内有关键K/倍量柱；28日均额>0.005亿；无28日天量阴线；24日无两连跌停,J<=13(38.5)；收盘>黄线；14/21日阳量强于阴量；当前缩量/地量；市值>50亿；无高位开盘放量阴线,左侧有异动或关键K；靠近黄线；建仓波涨幅未明显过高,N型/上涨后回调；右侧缩量；B1日波动温和；建仓波换手未明显过热,暂未匹配到高置信历史模板,建仓波换手偏高(47%),淘汰/暂不做：公式入池不等于可交易,-20,C
603276.SH,恒兴新材,化学原料,淘汰,2026-05-29,20260529,0,16.03,-0.0492,0.0569,0.9,17.579,17.429,True,False,False,False,True,0,False,True,False,False,False,True,0.537,0.12,0.0574,-0.1419,1.1905,0.2322,黄线下方,15.93,J<=13(0.9)；白线>黄线；28日内有关键K/倍量柱；28日均额>0.005亿；24日无两连跌停,收盘>黄线；14/21日阳量强于阴量；当前缩量/地量；市值>50亿；无高位开盘放量阴线；无28日天量阴线,左侧有异动或关键K；建仓波涨幅未明显过高,N型/上涨后回调；右侧缩量；黄线下方；B1日波动温和；建仓波换手未明显过热,暂未匹配到高置信历史模板,建仓波换手偏高(119%),淘汰/暂不做：公式入池不等于可交易,-22,C
300205.SZ,*ST天喻,通信设备,淘汰,2026-05-29,20260529,0,5.66,-0.0423,0.0389,19.89,5.879,5.668,True,False,False,False,False,0,True,True,False,True,True,True,0.359,0.24,0.2662,-0.1725,0.3453,0.5302,靠近黄线,5.62,白线>黄线；当前缩量/地量；28日均额>0.005亿；无高位开盘放量阴线；无28日天量阴线；24日无两连跌停,J<=13(19.9)；收盘>黄线；14/21日阳量强于阴量；28日内有关键K/倍量柱；市值>50亿,右侧缩量；靠近黄线；B1日波动温和；建仓波换手未明显过热,N型/上涨后回调；左侧有异动或关键K；建仓波涨幅未明显过高,暂未匹配到高置信历史模板,ST；建仓波涨幅偏高(53%),淘汰/暂不做：公式入池不等于可交易,-24,C
300206.SZ,理邦仪器,医疗器械,淘汰,2026-05-29,20260529,0,13.5,-0.0336,0.0515,34.96,14.141,14.156,False,False,False,False,False,0,True,True,False,True,True,True,1.367,0.46,0.0723,-0.1279,0.4155,0.2295,靠近黄线,13.35,当前缩量/地量；28日均额>0.005亿；无高位开盘放量阴线；无28日天量阴线；24日无两连跌停,J<=13(35.0)；白线>黄线；收盘>黄线；14/21日阳量强于阴量；28日内有关键K/倍量柱；市值>50亿,右侧缩量；靠近黄线；建仓波涨幅未明显过高,N型/上涨后回调；左侧有异动或关键K；B1日波动温和；建仓波换手未明显过热,暂未匹配到高置信历史模板,建仓波换手偏高(42%),淘汰/暂不做：公式入池不等于可交易,-24,C
000420.SZ,吉林化纤,化纤,淘汰,2026-05-29,20260529,0,4.46,-0.0304,0.0717,8.92,4.94,4.901,True,False,False,False,False,0,False,True,False,True,True,True,6.278,1.1,0.0619,-0.2402,2.9877,0.3976,黄线下方,4.43,J<=13(8.9)；白线>黄线；28日均额>0.005亿；无高位开盘放量阴线；无28日天量阴线；24日无两连跌停,收盘>黄线；14/21日阳量强于阴量；28日内有关键K/倍量柱；当前缩量/地量；市值>50亿,建仓波涨幅未明显过高,N型/上涨后回调；左侧有异动或关键K；右侧缩量；黄线下方；B1日波动温和；建仓波换手未明显过热,暂未匹配到高置信历史模板,建仓波换手偏高(299%),淘汰/暂不做：公式入池不等于可交易,-26,C
301163.SZ,宏德股份,自动化设备,淘汰,2026-05-29,20260529,0,25.9,-0.0534,0.0687,3.93,29.635,29.709,False,False,False,False,False,0,True,True,False,True,False,True,0.701,0.14,0.007,-0.2504,,,黄线下方,25.72,J<=13(3.9)；当前缩量/地量；28日均额>0.005亿；无高位开盘放量阴线；24日无两连跌停,白线>黄线；收盘>黄线；14/21日阳量强于阴量；28日内有关键K/倍量柱；市值>50亿；无28日天量阴线,右侧缩量；建仓波换手未明显过热；建仓波涨幅未明显过高,N型/上涨后回调；左侧有异动或关键K；黄线下方；B1日波动温和,暂未匹配到高置信历史模板,暂无硬风险，但仍需次日确认,淘汰/暂不做：公式入池不等于可交易,-26,C
002029.SZ,七 匹 狼,服装家纺,淘汰,2026-05-29,20260529,0,8.59,0.007,0.0574,4.57,9.972,10.323,False,False,False,False,True,1,False,True,False,True,False,True,2.184,0.57,0.0226,-0.272,,,黄线下方,8.48,J<=13(4.6)；28日内有关键K/倍量柱；28日均额>0.005亿；无高位开盘放量阴线；24日无两连跌停,白线>黄线；收盘>黄线；14/21日阳量强于阴量；当前缩量/地量；市值>50亿；无28日天量阴线,左侧有异动或关键K；建仓波换手未明显过热；建仓波涨幅未明显过高,N型/上涨后回调；右侧缩量；黄线下方；B1日波动温和,反面像：中银证券式大阴后 B1，容易是难做的一波流回落,近期放量阴线,淘汰/暂不做：公式入池不等于可交易,-28,C
600955.SH,维远股份,化学原料,淘汰,2026-05-29,20260529,0,16.17,-0.0282,0.0391,7.55,17.761,17.917,False,False,False,False,False,0,True,True,False,True,False,True,1.551,0.89,0.0889,-0.2207,0.5565,0.3562,黄线下方,16.0,J<=13(7.6)；当前缩量/地量；28日均额>0.005亿；无高位开盘放量阴线；24日无两连跌停,白线>黄线；收盘>黄线；14/21日阳量强于阴量；28日内有关键K/倍量柱；市值>50亿；无28日天量阴线,右侧缩量；B1日波动温和；建仓波涨幅未明显过高,N型/上涨后回调；左侧有异动或关键K；黄线下方；建仓波换手未明显过热,暂未匹配到高置信历史模板,建仓波换手偏高(56%),淘汰/暂不做：公式入池不等于可交易,-28,C
688607.SH,康众医疗,医疗器械,淘汰,2026-05-29,20260529,0,58.5,-0.0065,0.1185,23.79,63.929,61.337,True,False,False,False,False,0,True,True,False,True,False,True,1.765,0.46,0.2027,-0.1986,1.0087,0.5008,靠近黄线,57.02,白线>黄线；当前缩量/地量；28日均额>0.005亿；无高位开盘放量阴线；24日无两连跌停,J<=13(23.8)；收盘>黄线；14/21日阳量强于阴量；28日内有关键K/倍量柱；市值>50亿；无28日天量阴线,右侧缩量；靠近黄线,N型/上涨后回调；左侧有异动或关键K；B1日波动温和；建仓波换手未明显过热；建仓波涨幅未明显过高,反面像：犬牙交错/呼吸紊乱，和完美 B1 有距离；反面像：中银证券式大阴后 B1，容易是难做的一波流回落,K线/呼吸偏乱；近期放量阴线；建仓波换手偏高(101%)；建仓波涨幅偏高(50%),淘汰/暂不做：公式入池不等于可交易,-28,C
300342.SZ,天银机电,家电零部件,淘汰,2026-05-29,20260529,0,49.2,-0.0769,0.0874,8.86,58.716,55.79,True,False,False,False,False,0,True,True,False,False,False,True,33.945,2.06,0.2245,-0.3482,4.1841,0.8785,黄线下方,48.62,J<=13(8.9)；白线>黄线；当前缩量/地量；28日均额>0.005亿；24日无两连跌停,收盘>黄线；14/21日阳量强于阴量；28日内有关键K/倍量柱；市值>50亿；无高位开盘放量阴线；无28日天量阴线,右侧缩量,N型/上涨后回调；左侧有异动或关键K；黄线下方；B1日波动温和；建仓波换手未明显过热；建仓波涨幅未明显过高,反面像：犬牙交错/呼吸紊乱，和完美 B1 有距离,K线/呼吸偏乱；建仓波换手偏高(418%)；建仓波涨幅偏高(88%),淘汰/暂不做：公式入池不等于可交易,-30,C
300916.SZ,朗特智能,其他电子,淘汰,2026-05-29,20260529,0,34.73,-0.0991,0.1445,19.32,37.328,35.196,True,False,False,False,True,2,False,True,False,False,True,True,2.157,0.32,0.243,-0.1583,1.55,0.4767,靠近黄线,34.09,白线>黄线；28日内有关键K/倍量柱；28日均额>0.005亿；无28日天量阴线；24日无两连跌停,J<=13(19.3)；收盘>黄线；14/21日阳量强于阴量；当前缩量/地量；市值>50亿；无高位开盘放量阴线,左侧有异动或关键K；靠近黄线,N型/上涨后回调；右侧缩量；B1日波动温和；建仓波换手未明显过热；建仓波涨幅未明显过高,反面像：犬牙交错/呼吸紊乱，和完美 B1 有距离；反面像：中银证券式大阴后 B1，容易是难做的一波流回落,K线/呼吸偏乱；近期放量阴线；建仓波换手偏高(155%)；建仓波涨幅偏高(48%),淘汰/暂不做：公式入池不等于可交易,-30,C
688799.SH,华纳药厂,化学制药,淘汰,2026-05-29,20260529,0,50.22,-0.0231,0.0593,1.29,55.957,54.388,True,False,False,False,False,0,True,True,False,True,False,True,2.348,0.66,0.2397,-0.2298,0.7426,0.6095,黄线下方,49.91,J<=13(1.3)；白线>黄线；当前缩量/地量；28日均额>0.005亿；无高位开盘放量阴线；24日无两连跌停,收盘>黄线；14/21日阳量强于阴量；28日内有关键K/倍量柱；市值>50亿；无28日天量阴线,右侧缩量,N型/上涨后回调；左侧有异动或关键K；黄线下方；B1日波动温和；建仓波换手未明显过热；建仓波涨幅未明显过高,暂未匹配到高置信历史模板,建仓波换手偏高(74%)；建仓波涨幅偏高(61%),淘汰/暂不做：公式入池不等于可交易,-30,C
002210.SZ,飞马国际,环境治理,淘汰,2026-05-29,20260529,0,2.9,0.0175,0.1123,68.4,2.884,2.926,False,False,False,False,True,1,False,True,False,False,False,True,4.511,0.77,0.1741,-0.1545,0.7534,0.3887,靠近黄线,2.74,28日内有关键K/倍量柱；28日均额>0.005亿；24日无两连跌停,J<=13(68.4)；白线>黄线；收盘>黄线；14/21日阳量强于阴量；当前缩量/地量；市值>50亿；无高位开盘放量阴线；无28日天量阴线,左侧有异动或关键K；靠近黄线；建仓波涨幅未明显过高,N型/上涨后回调；右侧缩量；B1日波动温和；建仓波换手未明显过热,反面像：犬牙交错/呼吸紊乱，和完美 B1 有距离,K线/呼吸偏乱；建仓波换手偏高(75%),淘汰/暂不做：公式入池不等于可交易,-38,C
300621.SZ,维业股份,装修装饰,淘汰,2026-05-29,20260529,0,7.69,-0.0363,0.0602,4.18,8.527,8.57,False,False,False,False,False,0,False,True,False,True,True,True,0.424,0.16,0.0295,-0.1845,0.7274,0.245,黄线下方,7.63,J<=13(4.2)；28日均额>0.005亿；无高位开盘放量阴线；无28日天量阴线；24日无两连跌停,白线>黄线；收盘>黄线；14/21日阳量强于阴量；28日内有关键K/倍量柱；当前缩量/地量；市值>50亿,建仓波涨幅未明显过高,N型/上涨后回调；左侧有异动或关键K；右侧缩量；黄线下方；B1日波动温和；建仓波换手未明显过热,暂未匹配到高置信历史模板,建仓波换手偏高(73%),淘汰/暂不做：公式入池不等于可交易,-44,C
688180.SH,君实生物-U,生物制品,淘汰,2026-05-29,20260529,0,34.24,0.0218,0.0719,11.01,37.958,37.618,True,False,False,False,False,0,False,True,False,False,False,True,7.227,2.62,0.1623,-0.2644,0.8334,0.5801,黄线下方,32.72,J<=13(11.0)；白线>黄线；28日均额>0.005亿；24日无两连跌停,收盘>黄线；14/21日阳量强于阴量；28日内有关键K/倍量柱；当前缩量/地量；市值>50亿；无高位开盘放量阴线；无28日天量阴线,,N型/上涨后回调；左侧有异动或关键K；右侧缩量；黄线下方；B1日波动温和；建仓波换手未明显过热；建仓波涨幅未明显过高,暂未匹配到高置信历史模板,建仓波换手偏高(83%)；建仓波涨幅偏高(58%),淘汰/暂不做：公式入池不等于可交易,-48,C
